{"cameraMode":{"drawMode":0,"name":"Shaded","section":"Shading Mode"},"sceneLighting":true,"audioPlay":false,"sceneViewState":{"showFog":true,"showMaterialUpdate":false,"showSkybox":true,"showFlares":true,"showImageEffects":true,"showParticleSystems":true},"in2DMode":false,"pivot":{"x":96.90459442138672,"y":41.37942886352539,"z":-84.35710144042969},"rotation":{"x":-0.11724068969488144,"y":-0.3668455481529236,"z":0.04617690294981003,"w":-0.9219878315925598},"size":5.130417346954346,"orthographic":false}