{"cameraMode":{"drawMode":0,"name":"Shaded","section":"Shading Mode"},"sceneLighting":false,"audioPlay":false,"sceneViewState":{"showFog":true,"showMaterialUpdate":false,"showSkybox":false,"showFlares":true,"showImageEffects":true,"showParticleSystems":true},"in2DMode":false,"pivot":{"x":96.32486724853516,"y":42.03212356567383,"z":-85.0519790649414},"rotation":{"x":0.22019393742084504,"y":-0.5260937213897705,"z":0.14329282939434052,"w":0.8089350461959839},"size":0.8123437166213989,"orthographic":false}