{"cameraMode":{"drawMode":0,"name":"Shaded","section":"Shading Mode"},"sceneLighting":true,"audioPlay":false,"sceneViewState":{"showFog":true,"showMaterialUpdate":false,"showSkybox":true,"showFlares":true,"showImageEffects":true,"showParticleSystems":true},"in2DMode":false,"pivot":{"x":96.65190124511719,"y":41.29524230957031,"z":-91.36866760253906},"rotation":{"x":0.00882017146795988,"y":-0.9823177456855774,"z":0.1821136474609375,"w":0.047524917870759967},"size":4.400071620941162,"orthographic":false}