{"cameraMode":{"drawMode":0,"name":"Shaded","section":"Shading Mode"},"sceneLighting":true,"audioPlay":false,"sceneViewState":{"showFog":true,"showMaterialUpdate":false,"showSkybox":false,"showFlares":true,"showImageEffects":true,"showParticleSystems":true},"in2DMode":false,"pivot":{"x":94.94549560546875,"y":44.634300231933597,"z":-89.30377960205078},"rotation":{"x":-0.16875676810741425,"y":0.05230904370546341,"z":-0.008968929760158062,"w":-0.984228789806366},"size":46.49927520751953,"orthographic":false}