{"cameraMode":{"drawMode":0,"name":"Shaded","section":"Shading Mode"},"sceneLighting":true,"audioPlay":false,"sceneViewState":{"showFog":true,"showMaterialUpdate":false,"showSkybox":true,"showFlares":true,"showImageEffects":true,"showParticleSystems":true},"in2DMode":false,"pivot":{"x":95.8699951171875,"y":40.25400161743164,"z":-87.739990234375},"rotation":{"x":-0.15693438053131104,"y":0.05241292342543602,"z":-0.008340409956872464,"w":-0.986183762550354},"size":-2.0059726238250734,"orthographic":false}