{"cameraMode":{"drawMode":0,"name":"Shaded","section":"Shading Mode"},"sceneLighting":false,"audioPlay":false,"sceneViewState":{"showFog":true,"showMaterialUpdate":false,"showSkybox":true,"showFlares":true,"showImageEffects":true,"showParticleSystems":true},"in2DMode":false,"pivot":{"x":98.85072326660156,"y":41.02566909790039,"z":-82.14900207519531},"rotation":{"x":-0.20139402151107789,"y":-0.3008102774620056,"z":0.06527619808912277,"w":-0.9299483299255371},"size":7.140316486358643,"orthographic":false}