{"cameraMode":{"drawMode":0,"name":"Shaded","section":"Shading Mode"},"sceneLighting":true,"audioPlay":false,"sceneViewState":{"showFog":true,"showMaterialUpdate":false,"showSkybox":false,"showFlares":true,"showImageEffects":true,"showParticleSystems":true},"in2DMode":false,"pivot":{"x":837.587158203125,"y":314.1402893066406,"z":-0.99810791015625},"rotation":{"x":0.0026902935933321716,"y":0.0005971539067104459,"z":0.0000015394240335808718,"w":-0.9999975562095642},"size":921.8250122070313,"orthographic":false}